target,base_model,extended_model,r2_change,adj_r2_change,f_test_stat,f_test_pvalue
future_absret_5,HAR_OLS,HARX_OLS,0.005616434120762515,0.00398300126000295,3.4220085850085042,0.008553442925806964
future_logrv_20,HAR_OLS,HARX_OLS,0.010862712941333341,0.009652481057528917,8.836264918526366,4.73278761238916e-07
