window,adj_r2,r2,n_obs
5d,0.08629792707265671,0.09252771393352499,1321
60d,0.09031052515855942,0.09651295339611476,1321
